proyecto,tipo,concepto,monto
Cambio de tanque de gas,aportacion,Fondo dejado por la administración anterior,13496.0
Cambio de tanque de gas,aportacion,Ingresos netos acumulados de diciembre 2025 al 16 de septiembre 2026,21757.0
Cambio de tanque de gas,aportacion,Aportaciones para cambio de tanque de gas,28500.0
Cambio de tanque de gas,total_aportado,TOTAL,63753.0
Cambio de tanque de gas,gasto,Cambio del tanque de gas,48800.0
Cambio de tanque de gas,gasto,Se toma para cubrir los gastos de mayo,13.0
Cambio de tanque de gas,gasto,Se toma para cubrir los gastos del mes de junio,1214.0
Cambio de tanque de gas,gasto,"Se toma para cubrir los gastos del mes de julio (ultrasonido del tanque de gas, poda de jardín, compra de insumos para limpieza, instalación de electroflotadores incluido el cable de uso rudo, recolección de basura, limpieza de contenedores de basura)",8795.0
Cambio de tanque de gas,gasto,"Se toma para cubrir los gastos del mes de agosto (compra de bomba hidráulica, pago de mano de obra para instalación, recolección de basura, lavado de contenedores)",2750.0
Cambio de tanque de gas,gasto,Se toma para realizar el pago de recolección de basura y lavado de contenedores correspondiente al mes de septiembre,600.0
Cambio de tanque de gas,total_gastado,TOTAL,62172.0
