depto,nombre,correo,telefono,nota
1,Milton Andre Gamba Baños,lic.miltongamba@hotmail.com,5532869993,
2,Isidro Mejía Mateos,chilo.mm59@gmail.com,5531382513,Anteriormente Emilio Mejía Mateos
3,Sra. Marbella,,,
4,,,,
101,Francisco Ulises de León Pacheco,,5554994825,
102,Jorge Galaviz Sosa,galaviz.jorge21@gmail.com,5516794767,
103,María Eugenia López Anguiano,,,
104,Jaime Hernández,jaimehcoreno@gmail.com,5548520360,
201,Roberto Domenzain,robertodomenzainn@gmail.com,5534341113,
202,Andrea Molina Servin,andrea.molina.autos@gmail.com,5518941257,
203,Maria Guadalupe Solis Tellez,mariaguadalupesolistellez2@gmail.com,5571184090,5518727178
204,,,,
301,Paulino o Sra Laura,pparedesvega@yahoo.com,5539728903,
302,Ismael Palomares,,,
303,Ma Eugenia Retiz,,,
304,Ma Guadalupe Camacho Gutiérrez,,,
401,Monica Ayala Torres,moni.torres.ayala@gmail.com,5539903864,
402,Sra. Marbella,,,
403,Nicolás Violante,,,
404,Yésica Ruiz,,,
